,count,mean,std,min,5%,25%,50%,75%,95%,max
Hours Studied,10000.0,4.9929,2.5893087961856156,1.0,1.0,3.0,5.0,7.0,9.0,9.0
Previous Scores,10000.0,69.4457,17.34315225104711,40.0,42.0,54.0,69.0,85.0,96.0,99.0
Sleep Hours,10000.0,6.5306,1.6958629765177118,4.0,4.0,5.0,7.0,8.0,9.0,9.0
Sample Question Papers Practiced,10000.0,4.5833,2.867347777708144,0.0,0.0,2.0,5.0,7.0,9.0,9.0
Performance Index,10000.0,55.2248,19.212557799463344,10.0,24.0,40.0,55.0,71.0,86.0,100.0
