Model,n_features,R2_train,R2_test
Model C,5,0.9295257925540028,0.9282734712391126
Model B,2,0.00011520096887496223,-0.001504967541515967
Model A,1,3.360323408096999e-05,-0.001879215212991614